Workbook

Sheet Formular
A1: Wareneingang / Material reception | F1: =IF($J$2="","",$J$2) | J1: Wareneingang wählen
A3: Aufgabe / Task | C3: Name Mitarbeiter / Employee name | E3: Datum / Date | F3: Uhrzeit / Time
A4: Angenommen / Accepted | C4: =IFERROR(INDEX(Daten!$F$2:$F$20001,MATCH($J$2,Daten!$A$2:$A$20001,0)),"") | E4: =IFERROR(INDEX(Daten!$G$2:$G$20001,MATCH($J$2,Daten!$A$2:$A$20001,0)),"") | F4: =IFERROR(INDEX(Daten!$H$2:$H$20001,MATCH($J$2,Daten!$A$2:$A$20001,0)),"") | J4: Nur diese Zelle wird von Hand geändert. Alles andere füllt sich selbst.
A5: Gezählt & kontrolliert / counted & controlled | C5: =IFERROR(INDEX(Daten!$I$2:$I$20001,MATCH($J$2,Daten!$A$2:$A$20001,0)),"") | E5: =IFERROR(INDEX(Daten!$J$2:$J$20001,MATCH($J$2,Daten!$A$2:$A$20001,0)),"") | F5: =IFERROR(INDEX(Daten!$K$2:$K$20001,MATCH($J$2,Daten!$A$2:$A$20001,0)),"")
A6: Eingelagert / stored | C6: =IFERROR(INDEX(Daten!$L$2:$L$20001,MATCH($J$2,Daten!$A$2:$A$20001,0)),"") | E6: =IFERROR(INDEX(Daten!$M$2:$M$20001,MATCH($J$2,Daten!$A$2:$A$20001,0)),"") | F6: =IFERROR(INDEX(Daten!$N$2:$N$20001,MATCH($J$2,Daten!$A$2:$A$20001,0)),"")
A8: Artikelanzahl bitte direkt auf dem Lieferschein abhaken bzw. anpassen. Please check off or adapt the article quantities directly on the delivery slip
J9: Positionen im Dokument
A10: Kunde / Client | C10: =IFERROR(INDEX(Daten!$B$2:$B$20001,MATCH($J$2,Daten!$A$2:$A$20001,0)),"") | J10: =COUNTIF(Daten!$A$2:$A$20001,$J$2)
A11: Lieferant / Supplier | C11: =IFERROR(INDEX(Daten!$C$2:$C$20001,MATCH($J$2,Daten!$A$2:$A$20001,0)),"")
A13: Bei neuem und bestehendem Material mit oder ohne Lieferschein notwendig: For new and existing material with or without delivery slip needed
A15: N° | B15: Artikelbezeichnung / Article description | C15: Anzahl / QTY | D15: kg | E15: MHD / Expiration Date | F15: Regalplatznr., eralten durch Secend Team/shelf no. received by Secend Team | G15: Bemerkungen /Kontrolle Comments / Checks | H15: Bestehend / Existing
A16: 1 | B16: =IFERROR(INDEX(Daten!$P$2:$P$20001,MATCH($J$2&"-"&$A16,Daten!$W$2:$W$20001,0)),"") | C16: =IFERROR(INDEX(Daten!$Q$2:$Q$20001,MATCH($J$2&"-"&$A16,Daten!$W$2:$W$20001,0)),"") | D16: =IFERROR(INDEX(Daten!$R$2:$R$20001,MATCH($J$2&"-"&$A16,Daten!$W$2:$W$20001,0)),"") | E16: =IFERROR(INDEX(Daten!$S$2:$S$20001,MATCH($J$2&"-"&$A16,Daten!$W$2:$W$20001,0)),"") | F16: =IFERROR(INDEX(Daten!$T$2:$T$20001,MATCH($J$2&"-"&$A16,Daten!$W$2:$W$20001,0)),"") | G16: =IFERROR(INDEX(Daten!$U$2:$U$20001,MATCH($J$2&"-"&$A16,Daten!$W$2:$W$20001,0)),"") | H16: =IFERROR(INDEX(Daten!$V$2:$V$20001,MATCH($J$2&"-"&$A16,Daten!$W$2:$W$20001,0)),"")
A17: 2 | B17: =IFERROR(INDEX(Daten!$P$2:$P$20001,MATCH($J$2&"-"&$A17,Daten!$W$2:$W$20001,0)),"") | C17: =IFERROR(INDEX(Daten!$Q$2:$Q$20001,MATCH($J$2&"-"&$A17,Daten!$W$2:$W$20001,0)),"") | D17: =IFERROR(INDEX(Daten!$R$2:$R$20001,MATCH($J$2&"-"&$A17,Daten!$W$2:$W$20001,0)),"") | E17: =IFERROR(INDEX(Daten!$S$2:$S$20001,MATCH($J$2&"-"&$A17,Daten!$W$2:$W$20001,0)),"") | F17: =IFERROR(INDEX(Daten!$T$2:$T$20001,MATCH($J$2&"-"&$A17,Daten!$W$2:$W$20001,0)),"") | G17: =IFERROR(INDEX(Daten!$U$2:$U$20001,MATCH($J$2&"-"&$A17,Daten!$W$2:$W$20001,0)),"") | H17: =IFERROR(INDEX(Daten!$V$2:$V$20001,MATCH($J$2&"-"&$A17,Daten!$W$2:$W$20001,0)),"")
A18: 3 | B18: =IFERROR(INDEX(Daten!$P$2:$P$20001,MATCH($J$2&"-"&$A18,Daten!$W$2:$W$20001,0)),"") | C18: =IFERROR(INDEX(Daten!$Q$2:$Q$20001,MATCH($J$2&"-"&$A18,Daten!$W$2:$W$20001,0)),"") | D18: =IFERROR(INDEX(Daten!$R$2:$R$20001,MATCH($J$2&"-"&$A18,Daten!$W$2:$W$20001,0)),"") | E18: =IFERROR(INDEX(Daten!$S$2:$S$20001,MATCH($J$2&"-"&$A18,Daten!$W$2:$W$20001,0)),"") | F18: =IFERROR(INDEX(Daten!$T$2:$T$20001,MATCH($J$2&"-"&$A18,Daten!$W$2:$W$20001,0)),"") | G18: =IFERROR(INDEX(Daten!$U$2:$U$20001,MATCH($J$2&"-"&$A18,Daten!$W$2:$W$20001,0)),"") | H18: =IFERROR(INDEX(Daten!$V$2:$V$20001,MATCH($J$2&"-"&$A18,Daten!$W$2:$W$20001,0)),"")
A19: 4 | B19: =IFERROR(INDEX(Daten!$P$2:$P$20001,MATCH($J$2&"-"&$A19,Daten!$W$2:$W$20001,0)),"") | C19: =IFERROR(INDEX(Daten!$Q$2:$Q$20001,MATCH($J$2&"-"&$A19,Daten!$W$2:$W$20001,0)),"") | D19: =IFERROR(INDEX(Daten!$R$2:$R$20001,MATCH($J$2&"-"&$A19,Daten!$W$2:$W$20001,0)),"") | E19: =IFERROR(INDEX(Daten!$S$2:$S$20001,MATCH($J$2&"-"&$A19,Daten!$W$2:$W$20001,0)),"") | F19: =IFERROR(INDEX(Daten!$T$2:$T$20001,MATCH($J$2&"-"&$A19,Daten!$W$2:$W$20001,0)),"") | G19: =IFERROR(INDEX(Daten!$U$2:$U$20001,MATCH($J$2&"-"&$A19,Daten!$W$2:$W$20001,0)),"") | H19: =IFERROR(INDEX(Daten!$V$2:$V$20001,MATCH($J$2&"-"&$A19,Daten!$W$2:$W$20001,0)),"")
A20: 5 | B20: =IFERROR(INDEX(Daten!$P$2:$P$20001,MATCH($J$2&"-"&$A20,Daten!$W$2:$W$20001,0)),"") | C20: =IFERROR(INDEX(Daten!$Q$2:$Q$20001,MATCH($J$2&"-"&$A20,Daten!$W$2:$W$20001,0)),"") | D20: =IFERROR(INDEX(Daten!$R$2:$R$20001,MATCH($J$2&"-"&$A20,Daten!$W$2:$W$20001,0)),"") | E20: =IFERROR(INDEX(Daten!$S$2:$S$20001,MATCH($J$2&"-"&$A20,Daten!$W$2:$W$20001,0)),"") | F20: =IFERROR(INDEX(Daten!$T$2:$T$20001,MATCH($J$2&"-"&$A20,Daten!$W$2:$W$20001,0)),"") | G20: =IFERROR(INDEX(Daten!$U$2:$U$20001,MATCH($J$2&"-"&$A20,Daten!$W$2:$W$20001,0)),"") | H20: =IFERROR(INDEX(Daten!$V$2:$V$20001,MATCH($J$2&"-"&$A20,Daten!$W$2:$W$20001,0)),"")
A21: 6 | B21: =IFERROR(INDEX(Daten!$P$2:$P$20001,MATCH($J$2&"-"&$A21,Daten!$W$2:$W$20001,0)),"") | C21: =IFERROR(INDEX(Daten!$Q$2:$Q$20001,MATCH($J$2&"-"&$A21,Daten!$W$2:$W$20001,0)),"") | D21: =IFERROR(INDEX(Daten!$R$2:$R$20001,MATCH($J$2&"-"&$A21,Daten!$W$2:$W$20001,0)),"") | E21: =IFERROR(INDEX(Daten!$S$2:$S$20001,MATCH($J$2&"-"&$A21,Daten!$W$2:$W$20001,0)),"") | F21: =IFERROR(INDEX(Daten!$T$2:$T$20001,MATCH($J$2&"-"&$A21,Daten!$W$2:$W$20001,0)),"") | G21: =IFERROR(INDEX(Daten!$U$2:$U$20001,MATCH($J$2&"-"&$A21,Daten!$W$2:$W$20001,0)),"") | H21: =IFERROR(INDEX(Daten!$V$2:$V$20001,MATCH($J$2&"-"&$A21,Daten!$W$2:$W$20001,0)),"")
A22: 7 | B22: =IFERROR(INDEX(Daten!$P$2:$P$20001,MATCH($J$2&"-"&$A22,Daten!$W$2:$W$20001,0)),"") | C22: =IFERROR(INDEX(Daten!$Q$2:$Q$20001,MATCH($J$2&"-"&$A22,Daten!$W$2:$W$20001,0)),"") | D22: =IFERROR(INDEX(Daten!$R$2:$R$20001,MATCH($J$2&"-"&$A22,Daten!$W$2:$W$20001,0)),"") | E22: =IFERROR(INDEX(Daten!$S$2:$S$20001,MATCH($J$2&"-"&$A22,Daten!$W$2:$W$20001,0)),"") | F22: =IFERROR(INDEX(Daten!$T$2:$T$20001,MATCH($J$2&"-"&$A22,Daten!$W$2:$W$20001,0)),"") | G22: =IFERROR(INDEX(Daten!$U$2:$U$20001,MATCH($J$2&"-"&$A22,Daten!$W$2:$W$20001,0)),"") | H22: =IFERROR(INDEX(Daten!$V$2:$V$20001,MATCH($J$2&"-"&$A22,Daten!$W$2:$W$20001,0)),"")
A23: 8 | B23: =IFERROR(INDEX(Daten!$P$2:$P$20001,MATCH($J$2&"-"&$A23,Daten!$W$2:$W$20001,0)),"") | C23: =IFERROR(INDEX(Daten!$Q$2:$Q$20001,MATCH($J$2&"-"&$A23,Daten!$W$2:$W$20001,0)),"") | D23: =IFERROR(INDEX(Daten!$R$2:$R$20001,MATCH($J$2&"-"&$A23,Daten!$W$2:$W$20001,0)),"") | E23: =IFERROR(INDEX(Daten!$S$2:$S$20001,MATCH($J$2&"-"&$A23,Daten!$W$2:$W$20001,0)),"") | F23: =IFERROR(INDEX(Daten!$T$2:$T$20001,MATCH($J$2&"-"&$A23,Daten!$W$2:$W$20001,0)),"") | G23: =IFERROR(INDEX(Daten!$U$2:$U$20001,MATCH($J$2&"-"&$A23,Daten!$W$2:$W$20001,0)),"") | H23: =IFERROR(INDEX(Daten!$V$2:$V$20001,MATCH($J$2&"-"&$A23,Daten!$W$2:$W$20001,0)),"")
A24: 9 | B24: =IFERROR(INDEX(Daten!$P$2:$P$20001,MATCH($J$2&"-"&$A24,Daten!$W$2:$W$20001,0)),"") | C24: =IFERROR(INDEX(Daten!$Q$2:$Q$20001,MATCH($J$2&"-"&$A24,Daten!$W$2:$W$20001,0)),"") | D24: =IFERROR(INDEX(Daten!$R$2:$R$20001,MATCH($J$2&"-"&$A24,Daten!$W$2:$W$20001,0)),"") | E24: =IFERROR(INDEX(Daten!$S$2:$S$20001,MATCH($J$2&"-"&$A24,Daten!$W$2:$W$20001,0)),"") | F24: =IFERROR(INDEX(Daten!$T$2:$T$20001,MATCH($J$2&"-"&$A24,Daten!$W$2:$W$20001,0)),"") | G24: =IFERROR(INDEX(Daten!$U$2:$U$20001,MATCH($J$2&"-"&$A24,Daten!$W$2:$W$20001,0)),"") | H24: =IFERROR(INDEX(Daten!$V$2:$V$20001,MATCH($J$2&"-"&$A24,Daten!$W$2:$W$20001,0)),"")
A25: 10 | B25: =IFERROR(INDEX(Daten!$P$2:$P$20001,MATCH($J$2&"-"&$A25,Daten!$W$2:$W$20001,0)),"") | C25: =IFERROR(INDEX(Daten!$Q$2:$Q$20001,MATCH($J$2&"-"&$A25,Daten!$W$2:$W$20001,0)),"") | D25: =IFERROR(INDEX(Daten!$R$2:$R$20001,MATCH($J$2&"-"&$A25,Daten!$W$2:$W$20001,0)),"") | E25: =IFERROR(INDEX(Daten!$S$2:$S$20001,MATCH($J$2&"-"&$A25,Daten!$W$2:$W$20001,0)),"") | F25: =IFERROR(INDEX(Daten!$T$2:$T$20001,MATCH($J$2&"-"&$A25,Daten!$W$2:$W$20001,0)),"") | G25: =IFERROR(INDEX(Daten!$U$2:$U$20001,MATCH($J$2&"-"&$A25,Daten!$W$2:$W$20001,0)),"") | H25: =IFERROR(INDEX(Daten!$V$2:$V$20001,MATCH($J$2&"-"&$A25,Daten!$W$2:$W$20001,0)),"")
A26: =IF($J$2="","",IF($J$10=0,"Zu dieser Nummer stehen keine Zeilen im Blatt Daten — aktualisieren, oder der Suchbereich reicht nicht.",IF($J$10>10,"Achtung: dieser Wareneingang hat "&$J$10&" Positionen. Hier stehen nur die ersten 10.","")))
A27: Lagerfläche / storage space | D27: Umrechung/Conversion
A28: m2 Anzahl / m2 quantity | C28: =IFERROR(INDEX(Daten!$D$2:$D$20001,MATCH($J$2,Daten!$A$2:$A$20001,0)),"") | D28: 1 g = 0.001 kg
A30: Bemerkung | B30: =IFERROR(INDEX(Daten!$E$2:$E$20001,MATCH($J$2,Daten!$A$2:$A$20001,0)),"")

Sheet Daten
A1: WeNr | B1: Kunde | C1: Lieferant | D1: LagerM2 | E1: KopfBemerkung | F1: AngNam | G1: AngDat | H1: AngZeit | I1: GezNam | J1: GezDat | K1: GezZeit | L1: EinNam | M1: EinDat | N1: EinZeit | O1: Nr | P1: Artikel | Q1: Anzahl | R1: KG | S1: MHD | T1: Regalplatz | U1: Bemerkung | V1: Bestehend | W1: Schluessel

Sheet Nummern
A1: WeNr

Sheet Liste
A1: WeNr | B1: Kunde | C1: Lieferant | D1: LagerM2 | E1: KopfBemerkung | F1: AngNam | G1: AngDat | H1: AngZeit | I1: GezNam | J1: GezDat | K1: GezZeit | L1: EinNam | M1: EinDat | N1: EinZeit | O1: Nr | P1: Artikel | Q1: Anzahl | R1: KG | S1: MHD | T1: Regalplatz | U1: Bemerkung | V1: Bestehend | W1: Schluessel
